Changes made at Thu Nov 20 10:27:13 UTC 2025
Changes made at Thu Nov 20 12:25:23 UTC 2025
Changes made at Thu Nov 20 14:25:35 UTC 2025
Changes made at Thu Nov 20 16:32:39 UTC 2025
Changes made at Fri Nov 21 08:34:38 UTC 2025
Changes made at Fri Nov 21 10:26:17 UTC 2025
Changes made at Fri Nov 21 14:24:00 UTC 2025
Changes made at Fri Nov 21 16:30:10 UTC 2025
Changes made at Sat Nov 22 08:29:53 UTC 2025
Changes made at Sat Nov 22 10:23:40 UTC 2025
Changes made at Sat Nov 22 14:20:26 UTC 2025
Changes made at Sat Nov 22 16:28:12 UTC 2025
Changes made at Sun Nov 23 08:30:14 UTC 2025
Changes made at Sun Nov 23 10:23:45 UTC 2025
Changes made at Sun Nov 23 14:20:34 UTC 2025
Changes made at Sun Nov 23 16:28:12 UTC 2025
Changes made at Mon Nov 24 08:35:43 UTC 2025
Changes made at Mon Nov 24 10:28:52 UTC 2025
Changes made at Mon Nov 24 14:26:14 UTC 2025
